{"loss_train_0.0022_50": [0.7389843611578856, 0.5441965037025511, 0.481662924268416, 0.47956853127107024, 0.47183784250436084, 0.45982789487711023, 0.4393387321781899], "loss_train_0.0005_20": [0.8997439619685922, 0.7106178538607699, 0.6496543113940528, 0.5210269251838326, 0.49071382019402726, 0.48204294179699253, 0.4723504163723971], "loss_train_0.0006_28": [0.8905414970857757, 0.6994580775499344, 0.5891186399385333, 0.501048032127853, 0.488861870020628, 0.46890365511977244, 0.46683731442317367]}