{"loss_val_0.0022_50": [0.4926393209025264, 0.4833421059884131, 0.4651431916281581, 0.47661776514723897, 0.49420336028560996, 0.45077751157805324, 0.46596394572407007], "loss_val_0.0005_20": [0.5513191903010011, 0.5435647526755929, 0.4692154321819544, 0.47220108564943075, 0.4690701700747013, 0.4746657991781831, 0.5023686038330197], "loss_val_0.0006_28": [0.5503535810858011, 0.5264150332659483, 0.47470015566796064, 0.4697201759554446, 0.4820045023225248, 0.49131921539083123, 0.47883982211351395]}